-- ---- game_event_quest ---- -----

-- ---- alliance quest for hallow's end

DELETE FROM `game_event_quest` WHERE `quest` = '8356' AND `event` = '12';
DELETE FROM `game_event_quest` WHERE `quest` = '8355' AND `event` = '12';
DELETE FROM `game_event_quest` WHERE `quest` = '8353' AND `event` = '12';
DELETE FROM `game_event_quest` WHERE `quest` = '8357' AND `event` = '12';

INSERT INTO `game_event_quest` (`quest`, `event`) VALUES ('8356', '12');
INSERT INTO `game_event_quest` (`quest`, `event`) VALUES ('8355', '12');
INSERT INTO `game_event_quest` (`quest`, `event`) VALUES ('8353', '12');
INSERT INTO `game_event_quest` (`quest`, `event`) VALUES ('8357', '12');

-- ---- horde quest for hallow's end ---- ----

DELETE FROM `game_event_quest` WHERE `quest` = '8359' AND `event` = '12';
DELETE FROM `game_event_quest` WHERE `quest` = '8358' AND `event` = '12';
DELETE FROM `game_event_quest` WHERE `quest` = '8354' AND `event` = '12';
DELETE FROM `game_event_quest` WHERE `quest` = '8360' AND `event` = '12';


INSERT INTO `game_event_quest` (`quest`, `event`) VALUES ('8359', '12');
INSERT INTO `game_event_quest` (`quest`, `event`) VALUES ('8358', '12');
INSERT INTO `game_event_quest` (`quest`, `event`) VALUES ('8354', '12');
INSERT INTO `game_event_quest` (`quest`, `event`) VALUES ('8360', '12');



-- ---- creature_questrelation ---- -----

-- ---- alliance quest for hallow's end

DELETE FROM `creature_questrelation` WHERE `id` = '6740' AND `quest` = '8356';
DELETE FROM `creature_questrelation` WHERE `id` = '6826' AND `quest` = '8355';
DELETE FROM `creature_questrelation` WHERE `id` = '5111' AND `quest` = '8353';
DELETE FROM `creature_questrelation` WHERE `id` = '6735' AND `quest` = '8357';

INSERT INTO `creature_questrelation` (`id`, `quest`) VALUES ('6740', '8356');
INSERT INTO `creature_questrelation` (`id`, `quest`) VALUES ('6826', '8355');
INSERT INTO `creature_questrelation` (`id`, `quest`) VALUES ('5111', '8353');
INSERT INTO `creature_questrelation` (`id`, `quest`) VALUES ('6735', '8357');

-- --- horde quest for hallow's end ---- ----

DELETE FROM `creature_questrelation` WHERE `id` = '6929' AND `quest` = '8359';
DELETE FROM `creature_questrelation` WHERE `id` = '11814' AND `quest` = '8358';
DELETE FROM `creature_questrelation` WHERE `id` = '6741' AND `quest` = '8354';
DELETE FROM `creature_questrelation` WHERE `id` = '6746' AND `quest` = '8360';

INSERT INTO `creature_questrelation` (`id`, `quest`) VALUES ('6929', '8359');
INSERT INTO `creature_questrelation` (`id`, `quest`) VALUES ('11814', '8358');
INSERT INTO `creature_questrelation` (`id`, `quest`) VALUES ('6741', '8354');
INSERT INTO `creature_questrelation` (`id`, `quest`) VALUES ('6746', '8360');

-- ---- creature_involvedrelation ---- -----
-- --- horde quest ---- ----

DELETE FROM `creature_involvedrelation` WHERE `id` = '6929' AND `quest` = '8359';
DELETE FROM `creature_involvedrelation` WHERE `id` = '11814' AND `quest` = '8358';
DELETE FROM `creature_involvedrelation` WHERE `id` = '6741' AND `quest` = '8354';
DELETE FROM `creature_involvedrelation` WHERE `id` = '6746' AND `quest` = '8360';

INSERT INTO `creature_involvedrelation` (`id`, `quest`) VALUES ('6929', '8359');
INSERT INTO `creature_involvedrelation` (`id`, `quest`) VALUES ('11814', '8358');
INSERT INTO `creature_involvedrelation` (`id`, `quest`) VALUES ('6741', '8354');
INSERT INTO `creature_involvedrelation` (`id`, `quest`) VALUES ('6746', '8360');


-- ---- quest_template ---- -----

DELETE FROM `quest_template` WHERE `entry` = '8360';
DELETE FROM `quest_template` WHERE `entry` = '8359';
DELETE FROM `quest_template` WHERE `entry` = '8358';
DELETE FROM `quest_template` WHERE `entry` = '8354';

UPDATE `quest_template` SET `QuestLevel` = '10', `MinLevel` = '10', `SpecialFlags` = '0' WHERE `entry` = '8311';
UPDATE `quest_template` SET `MinLevel` = '10' WHERE `entry` = '8356';
UPDATE `quest_template` SET `MinLevel` = '10' WHERE `entry` = '8355';
UPDATE `quest_template` SET `MinLevel` = '10' WHERE `entry` = '8353';
UPDATE `quest_template` SET `MinLevel` = '10' WHERE `entry` = '8357';
UPDATE `quest_template` SET `QuestLevel` = '10', `MinLevel` = '10', `SpecialFlags` = '0' WHERE `entry` = '8312';


INSERT INTO `quest_template` 
	(`entry`, 
	`Method`, 
	`ZoneOrSort`, 
	`MinLevel`, 
	`QuestLevel`, 
	`Type`, 
	`RequiredClasses`, 
	`RequiredRaces`, 
	`RequiredSkill`, 
	`RequiredSkillValue`, 
	`RepObjectiveFaction`, 
	`RepObjectiveValue`, 
	`RequiredMinRepFaction`, 
	`RequiredMinRepValue`, 
	`RequiredMaxRepFaction`, 
	`RequiredMaxRepValue`, 
	`SuggestedPlayers`, 
	`LimitTime`, 
	`QuestFlags`, 
	`SpecialFlags`, 
	`PrevQuestId`, 
	`NextQuestId`, 
	`ExclusiveGroup`, 
	`NextQuestInChain`, 
	`SrcItemId`, 
	`SrcItemCount`, 
	`SrcSpell`, 
	`Title`, 
	`Details`, 
	`Objectives`, 
	`OfferRewardText`, 
	`RequestItemsText`, 
	`EndText`, 
	`ObjectiveText1`, 
	`ObjectiveText2`, 
	`ObjectiveText3`, 
	`ObjectiveText4`, 
	`ReqItemId1`, 
	`ReqItemId2`, 
	`ReqItemId3`, 
	`ReqItemId4`, 
	`ReqItemCount1`, 
	`ReqItemCount2`, 
	`ReqItemCount3`, 
	`ReqItemCount4`, 
	`ReqSourceId1`, 
	`ReqSourceId2`, 
	`ReqSourceId3`, 
	`ReqSourceId4`, 
	`ReqSourceCount1`, 
	`ReqSourceCount2`, 
	`ReqSourceCount3`, 
	`ReqSourceCount4`, 
	`ReqCreatureOrGOId1`, 
	`ReqCreatureOrGOId2`, 
	`ReqCreatureOrGOId3`, 
	`ReqCreatureOrGOId4`, 
	`ReqCreatureOrGOCount1`, 
	`ReqCreatureOrGOCount2`, 
	`ReqCreatureOrGOCount3`, 
	`ReqCreatureOrGOCount4`, 
	`ReqSpellCast1`, 
	`ReqSpellCast2`, 
	`ReqSpellCast3`, 
	`ReqSpellCast4`, 
	`RewChoiceItemId1`, 
	`RewChoiceItemId2`, 
	`RewChoiceItemId3`, 
	`RewChoiceItemId4`, 
	`RewChoiceItemId5`, 
	`RewChoiceItemId6`, 
	`RewChoiceItemCount1`, 
	`RewChoiceItemCount2`, 
	`RewChoiceItemCount3`, 
	`RewChoiceItemCount4`, 
	`RewChoiceItemCount5`, 
	`RewChoiceItemCount6`, 
	`RewItemId1`, 
	`RewItemId2`, 
	`RewItemId3`, 
	`RewItemId4`, 
	`RewItemCount1`, 
	`RewItemCount2`, 
	`RewItemCount3`, 
	`RewItemCount4`, 
	`RewRepFaction1`, 
	`RewRepFaction2`, 
	`RewRepFaction3`, 
	`RewRepFaction4`, 
	`RewRepFaction5`, 
	`RewRepValue1`, 
	`RewRepValue2`, 
	`RewRepValue3`, 
	`RewRepValue4`, 
	`RewRepValue5`, 
	`RewOrReqMoney`, 
	`RewMoneyMaxLevel`, 
	`RewSpell`, 
	`RewSpellCast`, 
	`RewMailTemplateId`, 
	`RewMailDelaySecs`, 
	`PointMapId`, 
	`PointX`, 
	`PointY`, 
	`PointOpt`, 
	`DetailsEmote1`, 
	`DetailsEmote2`, 
	`DetailsEmote3`, 
	`DetailsEmote4`, 
	`DetailsEmoteDelay1`, 
	`DetailsEmoteDelay2`, 
	`DetailsEmoteDelay3`, 
	`DetailsEmoteDelay4`, 
	`IncompleteEmote`, 
	`CompleteEmote`, 
	`OfferRewardEmote1`, 
	`OfferRewardEmote2`, 
	`OfferRewardEmote3`, 
	`OfferRewardEmote4`, 
	`OfferRewardEmoteDelay1`, 
	`OfferRewardEmoteDelay2`, 
	`OfferRewardEmoteDelay3`, 
	`OfferRewardEmoteDelay4`, 
	`StartScript`, 
	`CompleteScript`
	) VALUES
	('8360', '2', '-22', '10', '1', '0', '0', '0', '0', '0', '0', '0', '0', '0', '0', '0', '0', '0', '0', '0', '-8312', '0', '0', '0', '0', '0', '0', 'Dancing for Marzipan', 'Even though you\'re trick-or-treating for a sick child, you still need to perform a trick for the treat!  We can\'t very well change the tradition, now can we...$B$BI believe the cost of a piece of marzipan nowadays is to bust out and DANCE!  That\'s right, let me see your moves!  Dance for me, and I\'ll give you some tasty marzipan!', 'Do a dance emote at Innkeeper Pala, and in exchange you\'ll receive Thunder Bluff Marzipan!', 'You\'re quite the dancing machine, $N!$B$BHere\'s your treat for being such a good sport. Happy Hallow\'s End, and give my best to your sick little friend! I hope they get better soon.', 'You know how to dance, don\'t you? Try by putting your right foot in... then your right foot out... your right foot in... shake it all about...', null, 'Dance for Innkeeper Pala', null, null, null, '0', '0', '0', '0', '0', '0', '0', '0', '0', '0', '0', '0', '0', '0', '0', '0', '6746', '0', '0', '0', '1', '0', '0', '0', '0', '0', '0', '0', '0', '0', '0', '0', '0', '0', '0', '0', '0', '0', '0', '0', '20497', '0', '0', '0', '1', '0', '0', '0', '0', '0', '0', '0', '0', '0', '0', '0', '0', '0', '0', '0', '0', '0', '0', '0', '0', '0', '0', '0', '0', '0', '0', '0', '0', '0', '0', '0', '0', '0', '0', '0', '0', '0', '0', '0', '0', '0', '0', '0');
	
	INSERT INTO `quest_template` 
	(`entry`, 
	`Method`, 
	`ZoneOrSort`, 
	`MinLevel`, 
	`QuestLevel`, 
	`Type`, 
	`RequiredClasses`, 
	`RequiredRaces`, 
	`RequiredSkill`, 
	`RequiredSkillValue`, 
	`RepObjectiveFaction`, 
	`RepObjectiveValue`, 
	`RequiredMinRepFaction`, 
	`RequiredMinRepValue`, 
	`RequiredMaxRepFaction`, 
	`RequiredMaxRepValue`, 
	`SuggestedPlayers`, 
	`LimitTime`, 
	`QuestFlags`, 
	`SpecialFlags`, 
	`PrevQuestId`, 
	`NextQuestId`, 
	`ExclusiveGroup`, 
	`NextQuestInChain`, 
	`SrcItemId`, 
	`SrcItemCount`, 
	`SrcSpell`, 
	`Title`, 
	`Details`, 
	`Objectives`, 
	`OfferRewardText`, 
	`RequestItemsText`, 
	`EndText`, 
	`ObjectiveText1`, 
	`ObjectiveText2`, 
	`ObjectiveText3`, 
	`ObjectiveText4`, 
	`ReqItemId1`, 
	`ReqItemId2`, 
	`ReqItemId3`, 
	`ReqItemId4`, 
	`ReqItemCount1`, 
	`ReqItemCount2`, 
	`ReqItemCount3`, 
	`ReqItemCount4`, 
	`ReqSourceId1`, 
	`ReqSourceId2`, 
	`ReqSourceId3`, 
	`ReqSourceId4`, 
	`ReqSourceCount1`, 
	`ReqSourceCount2`, 
	`ReqSourceCount3`, 
	`ReqSourceCount4`, 
	`ReqCreatureOrGOId1`, 
	`ReqCreatureOrGOId2`, 
	`ReqCreatureOrGOId3`, 
	`ReqCreatureOrGOId4`, 
	`ReqCreatureOrGOCount1`, 
	`ReqCreatureOrGOCount2`, 
	`ReqCreatureOrGOCount3`, 
	`ReqCreatureOrGOCount4`, 
	`ReqSpellCast1`, 
	`ReqSpellCast2`, 
	`ReqSpellCast3`, 
	`ReqSpellCast4`, 
	`RewChoiceItemId1`, 
	`RewChoiceItemId2`, 
	`RewChoiceItemId3`, 
	`RewChoiceItemId4`, 
	`RewChoiceItemId5`, 
	`RewChoiceItemId6`, 
	`RewChoiceItemCount1`, 
	`RewChoiceItemCount2`, 
	`RewChoiceItemCount3`, 
	`RewChoiceItemCount4`, 
	`RewChoiceItemCount5`, 
	`RewChoiceItemCount6`, 
	`RewItemId1`, 
	`RewItemId2`, 
	`RewItemId3`, 
	`RewItemId4`, 
	`RewItemCount1`, 
	`RewItemCount2`, 
	`RewItemCount3`, 
	`RewItemCount4`, 
	`RewRepFaction1`, 
	`RewRepFaction2`, 
	`RewRepFaction3`, 
	`RewRepFaction4`, 
	`RewRepFaction5`, 
	`RewRepValue1`, 
	`RewRepValue2`, 
	`RewRepValue3`, 
	`RewRepValue4`, 
	`RewRepValue5`, 
	`RewOrReqMoney`, 
	`RewMoneyMaxLevel`, 
	`RewSpell`, 
	`RewSpellCast`, 
	`RewMailTemplateId`, 
	`RewMailDelaySecs`, 
	`PointMapId`, 
	`PointX`, 
	`PointY`, 
	`PointOpt`, 
	`DetailsEmote1`, 
	`DetailsEmote2`, 
	`DetailsEmote3`, 
	`DetailsEmote4`, 
	`DetailsEmoteDelay1`, 
	`DetailsEmoteDelay2`, 
	`DetailsEmoteDelay3`, 
	`DetailsEmoteDelay4`, 
	`IncompleteEmote`, 
	`CompleteEmote`, 
	`OfferRewardEmote1`, 
	`OfferRewardEmote2`, 
	`OfferRewardEmote3`, 
	`OfferRewardEmote4`, 
	`OfferRewardEmoteDelay1`, 
	`OfferRewardEmoteDelay2`, 
	`OfferRewardEmoteDelay3`, 
	`OfferRewardEmoteDelay4`, 
	`StartScript`, 
	`CompleteScript`
	) ValUES
	('8354', '2', '-22', '10', '1', '0', '0', '0', '0', '0', '0', '0', '0', '0', '0', '0', '0', '0', '0', '0', '-8312', '0', '0', '0', '0', '0', '0', 'Chicken Clucking for a Mint', 'Ah, trick-or-treating for a sick child, are we?  I was going to say, you\'re a little old to be rummaging about for candies...$B$BWell, for my treat - an Undercity Mint - you will need to... cluck like a chicken!  Yes, chickens love mints... well OK, maybe they don\'t LOVE them... but I won\'t give you a mint unless you chicken cluck for me!$B$BWell $c, are you up to the challenge or not?!  Time to earn your treat!$B', 'Do a chicken emote at Innkeeper Norman, and in exchange you\'ll receive an Undercity Mint!', 'Too funny!  Well done, $N! Here\'s your treat.$B$BHappy Hallow\'s End!', null, null, 'Cluck like a chicken for Innkeeper Norman', null, null, null, '0', '0', '0', '0', '0', '0', '0', '0', '0', '0', '0', '0', '0', '0', '0', '0', '6741', '0', '0', '0', '1', '0', '0', '0', '0', '0', '0', '0', '0', '0', '0', '0', '0', '0', '0', '0', '0', '0', '0', '0', '20491', '0', '0', '0', '1', '0', '0', '0', '0', '0', '0', '0', '0', '0', '0', '0', '0', '0', '0', '0', '0', '0', '0', '0', '0', '0', '0', '0', '0', '0', '0', '0', '0', '0', '0', '0', '0', '0', '0', '0', '0', '0', '0', '0', '0', '0', '0', '0');
	
	INSERT INTO `quest_template` 
	(`entry`, 
	`Method`, 
	`ZoneOrSort`, 
	`MinLevel`, 
	`QuestLevel`, 
	`Type`, 
	`RequiredClasses`, 
	`RequiredRaces`, 
	`RequiredSkill`, 
	`RequiredSkillValue`, 
	`RepObjectiveFaction`, 
	`RepObjectiveValue`, 
	`RequiredMinRepFaction`, 
	`RequiredMinRepValue`, 
	`RequiredMaxRepFaction`, 
	`RequiredMaxRepValue`, 
	`SuggestedPlayers`, 
	`LimitTime`, 
	`QuestFlags`, 
	`SpecialFlags`, 
	`PrevQuestId`, 
	`NextQuestId`, 
	`ExclusiveGroup`, 
	`NextQuestInChain`, 
	`SrcItemId`, 
	`SrcItemCount`, 
	`SrcSpell`, 
	`Title`, 
	`Details`, 
	`Objectives`, 
	`OfferRewardText`, 
	`RequestItemsText`, 
	`EndText`, 
	`ObjectiveText1`, 
	`ObjectiveText2`, 
	`ObjectiveText3`, 
	`ObjectiveText4`, 
	`ReqItemId1`, 
	`ReqItemId2`, 
	`ReqItemId3`, 
	`ReqItemId4`, 
	`ReqItemCount1`, 
	`ReqItemCount2`, 
	`ReqItemCount3`, 
	`ReqItemCount4`, 
	`ReqSourceId1`, 
	`ReqSourceId2`, 
	`ReqSourceId3`, 
	`ReqSourceId4`, 
	`ReqSourceCount1`, 
	`ReqSourceCount2`, 
	`ReqSourceCount3`, 
	`ReqSourceCount4`, 
	`ReqCreatureOrGOId1`, 
	`ReqCreatureOrGOId2`, 
	`ReqCreatureOrGOId3`, 
	`ReqCreatureOrGOId4`, 
	`ReqCreatureOrGOCount1`, 
	`ReqCreatureOrGOCount2`, 
	`ReqCreatureOrGOCount3`, 
	`ReqCreatureOrGOCount4`, 
	`ReqSpellCast1`, 
	`ReqSpellCast2`, 
	`ReqSpellCast3`, 
	`ReqSpellCast4`, 
	`RewChoiceItemId1`, 
	`RewChoiceItemId2`, 
	`RewChoiceItemId3`, 
	`RewChoiceItemId4`, 
	`RewChoiceItemId5`, 
	`RewChoiceItemId6`, 
	`RewChoiceItemCount1`, 
	`RewChoiceItemCount2`, 
	`RewChoiceItemCount3`, 
	`RewChoiceItemCount4`, 
	`RewChoiceItemCount5`, 
	`RewChoiceItemCount6`, 
	`RewItemId1`, 
	`RewItemId2`, 
	`RewItemId3`, 
	`RewItemId4`, 
	`RewItemCount1`, 
	`RewItemCount2`, 
	`RewItemCount3`, 
	`RewItemCount4`, 
	`RewRepFaction1`, 
	`RewRepFaction2`, 
	`RewRepFaction3`, 
	`RewRepFaction4`, 
	`RewRepFaction5`, 
	`RewRepValue1`, 
	`RewRepValue2`, 
	`RewRepValue3`, 
	`RewRepValue4`, 
	`RewRepValue5`, 
	`RewOrReqMoney`, 
	`RewMoneyMaxLevel`, 
	`RewSpell`, 
	`RewSpellCast`, 
	`RewMailTemplateId`, 
	`RewMailDelaySecs`, 
	`PointMapId`, 
	`PointX`, 
	`PointY`, 
	`PointOpt`, 
	`DetailsEmote1`, 
	`DetailsEmote2`, 
	`DetailsEmote3`, 
	`DetailsEmote4`, 
	`DetailsEmoteDelay1`, 
	`DetailsEmoteDelay2`, 
	`DetailsEmoteDelay3`, 
	`DetailsEmoteDelay4`, 
	`IncompleteEmote`, 
	`CompleteEmote`, 
	`OfferRewardEmote1`, 
	`OfferRewardEmote2`, 
	`OfferRewardEmote3`, 
	`OfferRewardEmote4`, 
	`OfferRewardEmoteDelay1`, 
	`OfferRewardEmoteDelay2`, 
	`OfferRewardEmoteDelay3`, 
	`OfferRewardEmoteDelay4`, 
	`StartScript`, 
	`CompleteScript`
	)
	VALUES ('8358', '2', '-22', '10', '1', '0', '0', '0', '0', '0', '0', '0', '0', '0', '0', '0', '0', '0', '0', '0', '-8312', '0', '0', '0', '0', '0', '0', 'Incoming Gumdrop', 'A trick-or-treater!  Yeah mon!$B$BWell now, even though you\'re doing something noble and collecting candies for a sick child, I can\'t let you off the hook that easily.  I have a yummy Darkspear Gumdrop to give to the sick child... if you make a train noise for me!  Haha, yes, that\'ll be the trick!  The price of this gumdrop is one train noise!$B$BChugga-chugga, $c!$B', 'Do a train emote at Kali Remik, and in exchange you\'ll receive a Darkspear Gumdrop!$B', 'Woo-woo! Well done, $N! Here\'s your treat.$B$BHappy Hallow\'s End!', 'Well, go ahead now...', null, 'Do the \"train\" for Kali Remik', null, null, null, '0', '0', '0', '0', '0', '0', '0', '0', '0', '0', '0', '0', '0', '0', '0', '0', '0', '0', '0', '0', '0', '0', '0', '0', '0', '0', '0', '0', '0', '0', '0', '0', '0', '0', '0', '0', '0', '0', '0', '0', '20495', '0', '0', '0', '1', '0', '0', '0', '0', '0', '0', '0', '0', '0', '0', '0', '0', '0', '0', '0', '0', '0', '0', '0', '0', '0', '0', '0', '0', '0', '0', '0', '0', '0', '0', '0', '0', '0', '0', '0', '0', '0', '0', '0', '0', '0', '0', '0');
	
	INSERT INTO `quest_template` 
	(`entry`, 
	`Method`, 
	`ZoneOrSort`, 
	`MinLevel`, 
	`QuestLevel`, 
	`Type`, 
	`RequiredClasses`, 
	`RequiredRaces`, 
	`RequiredSkill`, 
	`RequiredSkillValue`, 
	`RepObjectiveFaction`, 
	`RepObjectiveValue`, 
	`RequiredMinRepFaction`, 
	`RequiredMinRepValue`, 
	`RequiredMaxRepFaction`, 
	`RequiredMaxRepValue`, 
	`SuggestedPlayers`, 
	`LimitTime`, 
	`QuestFlags`, 
	`SpecialFlags`, 
	`PrevQuestId`, 
	`NextQuestId`, 
	`ExclusiveGroup`, 
	`NextQuestInChain`, 
	`SrcItemId`, 
	`SrcItemCount`, 
	`SrcSpell`, 
	`Title`, 
	`Details`, 
	`Objectives`, 
	`OfferRewardText`, 
	`RequestItemsText`, 
	`EndText`, 
	`ObjectiveText1`, 
	`ObjectiveText2`, 
	`ObjectiveText3`, 
	`ObjectiveText4`, 
	`ReqItemId1`, 
	`ReqItemId2`, 
	`ReqItemId3`, 
	`ReqItemId4`, 
	`ReqItemCount1`, 
	`ReqItemCount2`, 
	`ReqItemCount3`, 
	`ReqItemCount4`, 
	`ReqSourceId1`, 
	`ReqSourceId2`, 
	`ReqSourceId3`, 
	`ReqSourceId4`, 
	`ReqSourceCount1`, 
	`ReqSourceCount2`, 
	`ReqSourceCount3`, 
	`ReqSourceCount4`, 
	`ReqCreatureOrGOId1`, 
	`ReqCreatureOrGOId2`, 
	`ReqCreatureOrGOId3`, 
	`ReqCreatureOrGOId4`, 
	`ReqCreatureOrGOCount1`, 
	`ReqCreatureOrGOCount2`, 
	`ReqCreatureOrGOCount3`, 
	`ReqCreatureOrGOCount4`, 
	`ReqSpellCast1`, 
	`ReqSpellCast2`, 
	`ReqSpellCast3`, 
	`ReqSpellCast4`, 
	`RewChoiceItemId1`, 
	`RewChoiceItemId2`, 
	`RewChoiceItemId3`, 
	`RewChoiceItemId4`, 
	`RewChoiceItemId5`, 
	`RewChoiceItemId6`, 
	`RewChoiceItemCount1`, 
	`RewChoiceItemCount2`, 
	`RewChoiceItemCount3`, 
	`RewChoiceItemCount4`, 
	`RewChoiceItemCount5`, 
	`RewChoiceItemCount6`, 
	`RewItemId1`, 
	`RewItemId2`, 
	`RewItemId3`, 
	`RewItemId4`, 
	`RewItemCount1`, 
	`RewItemCount2`, 
	`RewItemCount3`, 
	`RewItemCount4`, 
	`RewRepFaction1`, 
	`RewRepFaction2`, 
	`RewRepFaction3`, 
	`RewRepFaction4`, 
	`RewRepFaction5`, 
	`RewRepValue1`, 
	`RewRepValue2`, 
	`RewRepValue3`, 
	`RewRepValue4`, 
	`RewRepValue5`, 
	`RewOrReqMoney`, 
	`RewMoneyMaxLevel`, 
	`RewSpell`, 
	`RewSpellCast`, 
	`RewMailTemplateId`, 
	`RewMailDelaySecs`, 
	`PointMapId`, 
	`PointX`, 
	`PointY`, 
	`PointOpt`, 
	`DetailsEmote1`, 
	`DetailsEmote2`, 
	`DetailsEmote3`, 
	`DetailsEmote4`, 
	`DetailsEmoteDelay1`, 
	`DetailsEmoteDelay2`, 
	`DetailsEmoteDelay3`, 
	`DetailsEmoteDelay4`, 
	`IncompleteEmote`, 
	`CompleteEmote`, 
	`OfferRewardEmote1`, 
	`OfferRewardEmote2`, 
	`OfferRewardEmote3`, 
	`OfferRewardEmote4`, 
	`OfferRewardEmoteDelay1`, 
	`OfferRewardEmoteDelay2`, 
	`OfferRewardEmoteDelay3`, 
	`OfferRewardEmoteDelay4`, 
	`StartScript`, 
	`CompleteScript`
	) 
	VALUES ('8359', '2', '-22', '10', '1', '0', '0', '0', '0', '0', '0', '0', '0', '0', '0', '0', '0', '0', '0', '0', '-8312', '0', '0', '0', '0', '0', '0', 'Flexing for Nougat', 'That\'s an... interesting costume you have on.  Even though you\'re being nice and helping a sick child trick-or-treat this year, I\'m afraid I\'m going to have to ask you perform a trick for me!$B$BLet\'s see... you look so strong and buff in that... costume... let\'s see you flex!  Yes, go on now and flex for me, strong $g man : woman;!$B$BWhen and only when you flex, I\'ll give you some tasty Orgrimmar Nougat.  It\'s a great Hallow\'s End treat.$B', 'Do a flex emote at Innkeeper Gryshka, and in exchange you\'ll receive Orgrimmar Nougat!', 'You are truly mighty, haha! Well done, and thanks for being such a good sport. Here\'s your candy.$B$BHappy Hallow\'s End, $N!', 'No candy until you flex for me, $N...', null, 'Flex for Innkeeper Gryshka', null, null, null, '0', '0', '0', '0', '0', '0', '0', '0', '0', '0', '0', '0', '0', '0', '0', '0', '6929', '0', '0', '0', '1', '0', '0', '0', '0', '0', '0', '0', '0', '0', '0', '0', '0', '0', '0', '0', '0', '0', '0', '0', '20493', '0', '0', '0', '1', '0', '0', '0', '0', '0', '0', '0', '0', '0', '0', '0', '0', '0', '0', '0', '0', '0', '0', '0', '0', '0', '0', '0', '0', '0', '0', '0', '0', '0', '0', '0', '0', '0', '0', '0', '0', '0', '0', '0', '0', '0', '0', '0');